<?xml version="1.0" encoding="UTF-8"?>
<project-private xmlns="http://www.netbeans.org/ns/project-private/1">
    <editor-bookmarks xmlns="http://www.netbeans.org/ns/editor-bookmarks/2" lastBookmarkId="0"/>
    <open-files xmlns="http://www.netbeans.org/ns/projectui-open-files/2">
        <group>
            <file>file:/C:/Users/pranalinarkar/Desktop/Assignment4WebTools/Assignment4_Part4/Assignment4_Part4/src/java/com/me/controller/OrderController.java</file>
            <file>file:/C:/Users/pranalinarkar/Desktop/Assignment4WebTools/Assignment4_Part4/Assignment4_Part4/src/java/com/me/bean/SalesOrder.java</file>
            <file>file:/C:/Users/pranalinarkar/Desktop/Assignment4WebTools/Assignment4_Part4/Assignment4_Part4/src/java/com/me/DAO/DAO2.java</file>
        </group>
    </open-files>
</project-private>
